{"cameraMode":{"drawMode":0,"name":"Shaded","section":"Shading Mode"},"sceneLighting":false,"audioPlay":false,"sceneViewState":{"m_AlwaysRefresh":false,"showFog":true,"showSkybox":false,"showFlares":true,"showImageEffects":true,"showParticleSystems":true,"showVisualEffectGraphs":true,"m_FxEnabled":true},"in2DMode":false,"pivot":{"x":7.499999046325684,"y":0.7599999904632568,"z":0.3499999940395355},"rotation":{"x":-0.2932776212692261,"y":0.12487135082483292,"z":-0.03866967558860779,"w":-0.9470492005348206},"size":1.7515075206756592,"orthographic":false}