{"cameraMode":{"drawMode":0,"name":"Shaded","section":"Shading Mode"},"sceneLighting":false,"audioPlay":false,"sceneViewState":{"m_AlwaysRefresh":false,"showFog":true,"showSkybox":false,"showFlares":true,"showImageEffects":true,"showParticleSystems":true,"showVisualEffectGraphs":true,"m_FxEnabled":true},"in2DMode":false,"pivot":{"x":10.461000442504883,"y":0.029999971389770509,"z":2.200000047683716},"rotation":{"x":0.11122630536556244,"y":0.8468255996704102,"z":-0.1954411268234253,"w":0.4820433259010315},"size":1.9525635242462159,"orthographic":false}