{"cameraMode":{"drawMode":0,"name":"Shaded","section":"Shading Mode"},"sceneLighting":false,"audioPlay":false,"sceneViewState":{"m_AlwaysRefresh":false,"showFog":true,"showSkybox":false,"showFlares":true,"showImageEffects":true,"showParticleSystems":true,"showVisualEffectGraphs":true,"m_FxEnabled":true},"in2DMode":false,"pivot":{"x":1.5901505947113038,"y":0.258134126663208,"z":-3.882704973220825},"rotation":{"x":-0.02695678174495697,"y":0.9729978442192078,"z":-0.16683095693588258,"w":-0.15722040832042695},"size":0.44992706179618838,"orthographic":false}