{"cameraMode":{"drawMode":0,"name":"Shaded","section":"Shading Mode"},"sceneLighting":false,"audioPlay":false,"sceneViewState":{"m_AlwaysRefresh":false,"showFog":true,"showSkybox":false,"showFlares":true,"showImageEffects":true,"showParticleSystems":true,"showVisualEffectGraphs":true,"m_FxEnabled":true},"in2DMode":false,"pivot":{"x":542.7408447265625,"y":999.8128051757813,"z":32.646751403808597},"rotation":{"x":-0.2972562313079834,"y":0.004885752219706774,"z":-0.0014686859212815762,"w":-0.9548240303993225},"size":296.3769226074219,"orthographic":false}