{"cameraMode":{"drawMode":0,"name":"Shaded","section":"Shading Mode"},"sceneLighting":false,"audioPlay":false,"sceneViewState":{"m_AlwaysRefresh":false,"showFog":true,"showSkybox":false,"showFlares":true,"showImageEffects":true,"showParticleSystems":true,"showVisualEffectGraphs":true,"m_FxEnabled":true},"in2DMode":false,"pivot":{"x":-1.5624938011169434,"y":1.8429598808288575,"z":-0.5509055852890015},"rotation":{"x":-0.026542942970991136,"y":0.9730690717697144,"z":-0.14737311005592347,"w":-0.1752588301897049},"size":1.0340046882629395,"orthographic":false}