{"cameraMode":{"drawMode":0,"name":"Shaded","section":"Shading Mode"},"sceneLighting":false,"audioPlay":false,"sceneViewState":{"m_AlwaysRefresh":false,"showFog":true,"showSkybox":false,"showFlares":true,"showImageEffects":true,"showParticleSystems":true,"showVisualEffectGraphs":true,"m_FxEnabled":true},"in2DMode":false,"pivot":{"x":-1.4874275922775269,"y":1.7664095163345338,"z":-0.5504239201545715},"rotation":{"x":-0.02695678174495697,"y":0.9729978442192078,"z":-0.16683095693588258,"w":-0.15722040832042695},"size":1.0340046882629395,"orthographic":false}