{"cameraMode":{"drawMode":0,"name":"Shaded","section":"Shading Mode"},"sceneLighting":false,"audioPlay":false,"sceneViewState":{"m_AlwaysRefresh":false,"showFog":true,"showSkybox":false,"showFlares":true,"showImageEffects":true,"showParticleSystems":true,"showVisualEffectGraphs":true,"m_FxEnabled":true},"in2DMode":false,"pivot":{"x":-7.7699995040893559,"y":0.7955684661865234,"z":-3.2811379432678224},"rotation":{"x":-0.27312618494033816,"y":0.13107244670391084,"z":-0.03759792819619179,"w":-0.9523062705993652},"size":9.948347091674805,"orthographic":false}