{"cameraMode":{"drawMode":0,"name":"Shaded","section":"Shading Mode"},"sceneLighting":false,"audioPlay":false,"sceneViewState":{"m_AlwaysRefresh":false,"showFog":true,"showSkybox":false,"showFlares":true,"showImageEffects":true,"showParticleSystems":true,"showVisualEffectGraphs":true,"m_FxEnabled":true},"in2DMode":false,"pivot":{"x":-3.733503580093384,"y":-2.6094701290130617,"z":-0.14514590799808503},"rotation":{"x":-0.012039626948535443,"y":0.8407515287399292,"z":-0.5410425662994385,"w":-0.018644515424966813},"size":4.666831016540527,"orthographic":false}