{"cameraMode":{"drawMode":0,"name":"Shaded","section":"Shading Mode"},"sceneLighting":false,"audioPlay":false,"sceneViewState":{"m_AlwaysRefresh":false,"showFog":true,"showSkybox":false,"showFlares":true,"showImageEffects":true,"showParticleSystems":true,"showVisualEffectGraphs":true,"m_FxEnabled":true},"in2DMode":false,"pivot":{"x":-1.5326181650161744,"y":-0.5670930743217468,"z":-0.06081557273864746},"rotation":{"x":-0.28851884603500368,"y":-0.02814762108027935,"z":0.008485742844641209,"w":-0.9570237398147583},"size":1.4097316265106202,"orthographic":false}