{"cameraMode":{"drawMode":0,"name":"Shaded","section":"Shading Mode"},"sceneLighting":false,"audioPlay":false,"sceneViewState":{"m_AlwaysRefresh":false,"showFog":true,"showSkybox":false,"showFlares":true,"showImageEffects":true,"showParticleSystems":true,"showVisualEffectGraphs":true,"m_FxEnabled":true},"in2DMode":false,"pivot":{"x":4.470348358154297e-8,"y":1.043081283569336e-7,"z":8.046627044677734e-7},"rotation":{"x":-0.49658969044685366,"y":0.10386138409376145,"z":-0.06008768826723099,"w":-0.8597213625907898},"size":0.17227888107299806,"orthographic":false}