{"cameraMode":{"drawMode":0,"name":"Shaded","section":"Shading Mode"},"sceneLighting":true,"audioPlay":false,"sceneViewState":{"m_AlwaysRefresh":false,"showFog":true,"showSkybox":true,"showFlares":true,"showImageEffects":true,"showParticleSystems":true,"showVisualEffectGraphs":true,"m_FxEnabled":true},"in2DMode":false,"pivot":{"x":-3.4398934841156008,"y":5.272550582885742,"z":-9.071682929992676},"rotation":{"x":-0.39710989594459536,"y":-0.07534326612949372,"z":0.03270542249083519,"w":-0.9141436815261841},"size":10.548347473144532,"orthographic":false}