{"cameraMode":{"drawMode":0,"name":"Shaded","section":"Shading Mode"},"sceneLighting":true,"audioPlay":false,"sceneViewState":{"m_AlwaysRefresh":false,"showFog":true,"showSkybox":true,"showFlares":true,"showImageEffects":true,"showParticleSystems":true,"showVisualEffectGraphs":true,"m_FxEnabled":true},"in2DMode":false,"pivot":{"x":2.609471321105957,"y":-145.15609741210938,"z":111.41981506347656},"rotation":{"x":-0.43925991654396059,"y":-0.013225637376308442,"z":0.006464246194809675,"w":-0.8982835412025452},"size":101.48453521728516,"orthographic":false}