{"cameraMode":{"drawMode":0,"name":"Shaded","section":"Shading Mode"},"sceneLighting":false,"audioPlay":false,"sceneViewState":{"m_AlwaysRefresh":false,"showFog":true,"showSkybox":false,"showFlares":true,"showImageEffects":true,"showParticleSystems":true,"showVisualEffectGraphs":true,"m_FxEnabled":true},"in2DMode":false,"pivot":{"x":-1.630000114440918,"y":0.11500000953674317,"z":0.5698564052581787},"rotation":{"x":-0.25687533617019656,"y":-0.012469744309782982,"z":0.00331461732275784,"w":-0.9663593173027039},"size":2.7616493701934816,"orthographic":false}