{"cameraMode":{"drawMode":0,"name":"Shaded","section":"Shading Mode"},"sceneLighting":false,"audioPlay":false,"sceneViewState":{"m_AlwaysRefresh":false,"showFog":true,"showSkybox":false,"showFlares":true,"showImageEffects":true,"showParticleSystems":true,"showVisualEffectGraphs":true,"m_FxEnabled":true},"in2DMode":false,"pivot":{"x":-6.090511798858643,"y":0.47013306617736819,"z":3.625248670578003},"rotation":{"x":0.012280149385333062,"y":0.9137687683105469,"z":-0.4051193296909332,"w":0.027696015313267709},"size":1.8999967575073243,"orthographic":false}