{"cameraMode":{"drawMode":0,"name":"Shaded","section":"Shading Mode"},"sceneLighting":false,"audioPlay":false,"sceneViewState":{"m_AlwaysRefresh":false,"showFog":true,"showSkybox":false,"showFlares":true,"showImageEffects":true,"showParticleSystems":true,"showVisualEffectGraphs":true,"m_FxEnabled":true},"in2DMode":false,"pivot":{"x":-6.176513195037842,"y":0.4097135663032532,"z":3.689824342727661},"rotation":{"x":0.005745288450270891,"y":0.9091723561286926,"z":-0.416206419467926,"w":0.012547701597213745},"size":1.8999967575073243,"orthographic":false}